{
  "semantic": 0.380952380952381,
  "collaborative": 0.21428571428571427,
  "neural": 0.09523809523809525,
  "rule": 0.17857142857142858,
  "rating": 0.09523809523809525,
  "popularity_penalty": 0.03571428571428571
}